reviewId,content,score,thumbsUpCount,reviewCreatedVersion,at,replyContent,repliedAt,app_name,app_id,word_count,year,sentiment,App_Type,trust_dimension,confidence_score
470948ee-668c-4dec-a891-d71858d26544,Excellent service,5,0,4.40.0,3/25/20 11:09,It is delightful to hear such positive words and it’s always a pleasure to serve our users.,4/20/20 11:53,MDLive,com.mdlive.mobile,2,2020,,Telehealth,data quality,0.9770206212997437
240a6cf7-dad8-4aa6-aa3d-c20d1b777f7f,Nokoooooooooooo,1,0,2.12.6940,12/9/19 16:20,,,K Health ,ai.kanghealth,1,2019,,Telehealth,ethicality,0.9020450711250304
1f06e885-37cc-4194-914c-cfadf3491c37,Fast effective service!!,5,0,3.20.1,12/28/18 16:59,,,Teladoc Health,com.teladoc.members,3,2018,,Telehealth,competence,0.9230494499206544
7375ca78-3680-4792-99b4-09b6cb456a07,Love it it keeps me up on my health and lets me know exactly what they are doing,5,0,2.7,8/26/16 5:29,,,FollowMyHealth,com.jardogs.fmhmobile,18,2016,,Patient Portal,data control,0.567060649394989
2b512ce5-cbac-4a00-8141-1e1b511ef892,The app is great. Check in to my appointments let them know I am here. Make appointments is very easy. Super nice to get questions answered. Need a button to just say no change on my contact info. Had to edit and make a change for it to save and take the reminder off.,5,0,10.1.4,4/10/22 19:58,Thank you for your review! We are glad to hear MyChart is working well for you.,4/11/22 8:02,MyChart,epic.mychart.android,54,2022,,Patient Portal,reliability,0.8781821727752686
b1cbbd21-5253-414e-85fd-624b5fdbd44a,"Don't have issues with it works fine my only concern is, that if you forget your password there's no other way of resetting the password without the phone number you used with it, and this is the issue I'm having cannot access my account at all cause I don't have the phone number I used with it",4,3,2.29.1,4/18/23 19:42,,,United Healthcare,com.mobile.uhc,57,2023,,Patient Portal,reliability,0.9181663990020752
2ddafb37-f955-43c1-89a0-826a80d7d933,Great doctor but app doesn't work right,1,0,3.76.0,3/1/24 12:31,"Hello Dave Duncan, thank you for this feedback. We sincerely apologize for the troubles you've had with the app. We'd be happy to take a look into this for you, please contact us at support@includedhealth.com. Thank you.",3/4/24 8:47,Doctor on Demand,com.doctorondemand.android.patient,7,2024,,Telehealth,reliability,0.9941397905349731
027cbaa6-4cfa-4035-b2f3-21f9c4b374c5,EZ,5,0,6.0.5,8/26/21 18:29,,,CenterWell Pharmacy,com.humana.pharmacy,1,2021,,Patient Portal,risk,0.7458973526954651
0c224e17-f894-414e-a782-72a0373addc0,ka so Kurla to phulpur,5,0,,4/5/19 20:50,,,Practo,com.practo.fabric,5,2019,,Telehealth,risk,0.6552630662918091
0cd03fa3-27dd-45bc-9ffd-3ce93f485937,"App is. Utter B.S. DO NOT USE. GIVES FALSE SENSE OF SECURITY. AT URGENTCARE, CANNOT ACCESS MEDS OR HX.",1,0,,4/16/23 9:00,,,MEDITECH Mhealth,com.meditech.PatientPhm,19,2023,,Patient Portal,risk,0.967139720916748
389013c3-5d37-4d69-a038-6153c2054b67,let me follow up on my history,5,0,19.2,5/30/19 4:49,,,FollowMyHealth,com.jardogs.fmhmobile,7,2019,,Patient Portal,data quality,0.6963927745819092
90d98cff-e520-4f84-9938-1541640e4246,"Absolutely helpful and amazing, especially when you're low on energy from your sickness.",5,0,,9/19/17 16:10,,,Amwell ,com.americanwell.android.member.amwell,13,2017,,Telehealth,competence,0.9919694066047668
6f384322-75c1-48c0-afbe-780d095d56b9,great place to get help would recommend,4,0,7.0.6,9/23/23 6:57,"Thank you for your kind words about our product! We are committed to providing the best possible experience for our customers, and your feedback helps us do just that.",9/25/23 12:29,healow,com.ecw.healow,7,2023,,Patient Portal,support,0.9137964844703674
2abea644-73cc-40fa-b13a-ac2ea1ca3556,"I have diverticulitis and during flair ups it requires 3 to 4 weeks of 2 different antibiotics. Plus 2 - 3 days of clear liquids and lots of water. However, the doctors do not want to give you any nausea cream and refused to give me more than 7 days of antibiotics and those 7 days were only 2 times a day when it should be 3 times a day. Then they told me on the visit and again in an email, if anything doesn't change or get better in a day or two I need to contact my PCP (Primary Care Physician) I don't have",1,0,3.5.3,8/24/15 21:03,,,Doctor on Demand,com.doctorondemand.android.patient,106,2015,,Telehealth,ethicality,0.7213667035102844
5db84eaa-b0b7-426b-9deb-02d21519da24,Plsee listen download this app this app is jhakkas,5,0,,5/15/15 0:36,,,Practo,com.practo.fabric,9,2015,,Telehealth,risk,0.9114365577697754
2480d13f-3556-4034-b948-bcc23c1c5425,"This has been a great app for me to stay current with my healthcare. Make appointments, check health status, message my doc or renew Rx. Love it!",5,0,19.4,1/22/20 19:54,,,FollowMyHealth,com.jardogs.fmhmobile,27,2020,,Patient Portal,data quality,0.8753454685211182
3b89551b-6c86-4be4-b957-8ad22d699979,Realy useful,5,0,5.0.14,8/16/14 0:25,,,HealthTap,com.healthtap.userhtexpress,2,2014,,Telehealth,data control,0.5169180035591125
e1e185d2-8af7-4711-bccd-512b0b7cb097,App doesn't really do much and wouldn't even show the Dr.'s notes to me.  Service is even worse.  Will not use this again.,1,3,2.21,1/6/16 11:59,,,MDLive,com.mdlive.mobile,23,2016,,Telehealth,reliability,0.8375102877616882
f30b932b-8cd5-4e97-a987-4aa59786090a,Absolutely a great tool and always up to date. No need to constantly call to verify a appointment etc.,5,0,2.9,12/2/16 18:44,,,FollowMyHealth,com.jardogs.fmhmobile,19,2016,,Patient Portal,data quality,0.703693687915802
18f3dbd9-98a4-49bb-970a-ccdda8e153f5,Greatly appreciated,5,0,6.3.3,6/15/22 17:22,,,CenterWell Pharmacy,com.humana.pharmacy,2,2022,,Patient Portal,competence,0.9972578883171082
43566fda-ae02-4324-998e-018f34234ad9,Took my money and won't give it back to me,1,0,,5/28/24 20:07,"We never intend to disappoint our members and apologize for the inconvenience. If you need further assistance, please contact us at information@teladochealth.com and provide your name, preferred phone, and screenshot of this review so we can contact you directly. Thank you for your feedback.",5/29/24 10:08,Teladoc Health,com.teladoc.members,10,2024,,Telehealth,risk,0.4282240569591522
a8f10598-f558-45cb-a09a-80a2fcbcd34f,It appears to take weeks to a month to get the results. Why not get them right away? We paid for them. Why even have this ap ?,2,1,2.7.1,4/22/15 0:16,,,MyQuest,com.myquest,28,2015,,Patient Portal,ethicality,0.9965254664421082
096a3988-2c6b-4728-ba5c-3070dc6fa3fe,I love how easy it was to be matched with a provider and they take my insurance!,5,0,3.72.0,11/16/23 20:39,,,Doctor on Demand,com.doctorondemand.android.patient,17,2023,,Telehealth,data control,0.769119918346405
fd4f1d30-e132-4266-b38a-2b18f014b567,Excellent. My physician's office entered my appointment directly.,5,0,5.3.0,1/25/18 11:21,,,healow,com.ecw.healow,8,2018,,Patient Portal,data control,0.494179368019104
90caa6b5-ebc3-4bc4-9186-ca83ae6a5909,I uploaded my OPD prescription issued at Vydehi hospital Whitefield which contained all the details along with Hospital ID.But uneducated customer care rejected by saying prescription doesn't contain doctor registration no.I told them that this was issued by the hospital and asked them to contact the hospital.They still refused/told me that they will arrange alternative consultation with their doctor.I refused.Why should I consult when I have valid prescription which is accepted elesewere?,1,0,5.13,8/6/21 23:46,"Hi, we understand that you are unhappy with our service. Please share your details at prac.to/contactus so that we can get in touch with you and address your concern. Thanks",8/11/21 3:38,Practo,com.practo.fabric,72,2021,,Telehealth,ethicality,0.9696649312973022
6f271458-7b43-432b-aba6-2f0881127450,I am a technically challenged senior and want to learn how to communicate in solitary confinement amongst a community of fearful russians and Hispanics who are involved in drug deals living nearby. I am in need of medical services and everybody has been using my personal information to steal from me and my family members because there are cyborthieves that got into my account from the dark web. I am in pain and severely technologically hindered by my perfect semi- awareness during this time,1,0,3.55.1,4/15/21 18:16,,,Doctor on Demand,com.doctorondemand.android.patient,84,2021,,Telehealth,risk,0.9538533687591552
c014ee2f-e3de-4846-9a7f-40985a2f7990,busy,5,0,,1/2/24 11:35,"Hi, thank you for taking the time to rate us, we really appreciate it. Stay Healthy!",1/2/24 22:46,Practo,com.practo.fabric,1,2024,,Telehealth,competence,0.5332907438278198
531108a7-3f65-44cd-a29e-e20639e9c391,"some Dr fee is nearly triple(3x) of to original fee in clinic and hospital, I visted to clinic they charge me 150 as fee where in practo it 300",2,9,4.35.1,7/8/19 11:25,"Hi, really sorry to hear this. Please share your registered contact details or appointment id at customerfirst@practo.com so that we can get in touch with you and understand your concern better. Thanks.",7/10/19 1:27,Practo,com.practo.fabric,29,2019,,Telehealth,ethicality,0.8656186461448669
c75db693-10c1-4f5e-9933-d8c937e47512,Thank you!!! I have galstones and It's the first major condition I've faced. I feel comfortable and love when technology is integrated with health.,5,0,2.9,2/1/17 19:07,,,FollowMyHealth,com.jardogs.fmhmobile,24,2017,,Patient Portal,risk,0.7242329716682434
bdd01d9c-8fac-4e7b-84a4-5d6c6a0e2c6d,"This app is a rip off. The doctors on this app will scam you! They'll prescribe you on birth control, charge you for it, switch your birth control last minute and charge you additional money for it and they will not refund you the money for the previous prescription they charged you for they aren't even sending you.",1,1,1.0.1,8/9/23 11:54,"Hello, we're very sorry this occurred to you and want to take a closer look at what you described. Please email us at reviewsupport@nurx.co to better investigate this. We look forward to your reply, thank you.",8/11/23 14:46,Nurx - Healthcare & Rx at Home,com.tm.nurx,58,2023,,Telehealth,ethicality,0.9909143447875975
e56b0b41-a885-4fd8-8314-16d9e0b20d59,difficult to use,3,0,6.8.1,10/10/21 19:24,,,healow,com.ecw.healow,3,2021,,Patient Portal,support,0.78618323802948
880f740b-5c45-4760-8378-9f57b1473918,Super easy to use,5,0,4.7,9/20/21 12:32,,,Teladoc Health,com.teladoc.members,4,2021,,Telehealth,reliability,0.5204864144325256
ab650fb8-63e4-43d0-b22b-92b58b0a8782,Functional.,5,0,3.5.0,7/2/24 15:52,,,Telehealth by SimplePractice,com.simplepractice.video,1,2024,,Telehealth,data quality,0.9046684503555298
e0632d12-a780-4ded-88c0-30a205c13dd3,1 minute complete taken to just install.   Frustrating,3,0,3.9.7.2,9/27/16 21:58,"Dear Rah, we're sorry for the inconvenience caused. Please let us know if you're still facing issues downloading the app. You can drop us an email on customerfirst@practo.com with your contact details & we'll reach out to you. Thanks.",9/30/16 1:52,Practo,com.practo.fabric,8,2016,,Telehealth,reliability,0.9961031675338744
691c78ed-7844-4357-910a-22ee57ce8f99,The best experience ever. The quickest doctor's visit I ever had.,5,0,10.4.1.015_05,7/19/18 10:51,,,LiveHealth Online Mobile,com.americanwell.android.member.wellpoint,11,2018,,Telehealth,competence,0.9958887696266174
4bb45687-354d-4708-8cfa-a3278511fbaa,Convenient,5,0,2.8.1,3/4/16 23:01,,,Practo,com.practo.fabric,1,2016,,Telehealth,data quality,0.5281740427017212
deb68b20-f1fa-45c1-b126-84f94ea71905,Excellent,5,0,4.69.1,8/9/20 10:02,,,Practo,com.practo.fabric,1,2020,,Telehealth,data quality,0.9486315846443176
61f83f8a-c21a-4488-828c-41cc62ce1cd6,negative!!!!!!!!!!!!!!,1,0,9.14.5.9845,6/10/24 18:34,,,LiveWell with Advocate Aurora,com.advocate.myadvocate,1,2024,,Telehealth,ethicality,0.9024959802627563
5688b5f3-6e6d-4892-a475-34d071ade7e1,Simplicity!,5,0,4.0.5,6/19/18 10:46,,,CenterWell Pharmacy,com.humana.pharmacy,1,2018,,Patient Portal,ethicality,0.6888179779052734
569dc689-dee9-4948-9363-0395e84a009f,Fast and easy!!,5,0,3.19,8/4/18 20:37,,,Teladoc Health,com.teladoc.members,3,2018,,Telehealth,competence,0.5823330879211426
7eb96a76-e16a-4ed9-b46e-3dd4979edef9,Worst help support team,1,0,5.50.1,8/17/22 9:24,"Hi, we regret the inconvenience caused. Kindly share your details at prac.to/contactus so that we can get in touch with you and address your concern. Thanks",8/18/22 2:06,Practo,com.practo.fabric,4,2022,,Telehealth,support,0.7782317996025085
b102e119-0b13-44c0-abab-cc5c859a0b1c,It's ok in some spots and lacking in others. Presciptions don't carry over for renewals and i was unable to insert a phone number on my own. Buggy and usually requires intervention to resolve.,4,0,19.3,10/4/19 9:56,,,FollowMyHealth,com.jardogs.fmhmobile,34,2019,,Patient Portal,reliability,0.9875019788742064
0ff3479e-9a5e-48f1-9d9e-d341b59378e2,Can't even login on the app or the website. My username and password are correct the app and website just doesn't work,1,1,4.7.0.90876-prod,6/14/21 17:31,"Hello Alison, Thanks for your post. We care about your Aetna Health app experience. I work on Aetna’s support team. If you’ll email our support mailbox, I’ll be happy to look into your login issue. Our email address is AetnaHealth-AppSupport@aetna.com. Thanks! Cheryl M.",6/15/21 8:34,Aetna,com.aetna.aetnahealth,22,2021,,Patient Portal,reliability,0.99813312292099
3f92be20-ab5c-4081-9e7f-8102b3b75a1a,no food are being accepted.,1,0,2.72.0,1/15/25 15:31,,,United Healthcare,com.mobile.uhc,5,2025,,Patient Portal,support,0.8929839134216309
a0a3eb89-cf4c-401d-aab0-0ef89a85e40e,I cannot add my autistic son as a dependant even though I have legal documentation & uploaded same. Please contact me to fix this!!!,1,0,3.24.1,2/11/20 23:57,,,Teladoc Health,com.teladoc.members,24,2020,,Telehealth,risk,0.9938430786132812
72653673-a1a9-4403-9c4b-afa9dc0fcf8f,"Totally sucks! Not for use by senior citizens! Ask for url, no idea what a url is and don't care to learn. I prefer doing things the old fashion way!!!",1,2,7.7.0 (6adf260f3),12/11/24 21:12,"Thank you for your review. We are sorry to hear about your experience but really appreciate your feedback.
",12/12/24 9:56,APPatient,com.modernizingmedicine.patientportal,30,2024,,Patient Portal,competence,0.9423372745513916
8df87b35-ed59-4dff-802a-a72644c9c899,Professional and understanding of my needs,5,0,3.27.0,11/13/18 13:38,,,Doctor on Demand,com.doctorondemand.android.patient,6,2018,,Telehealth,competence,0.9781333804130554
a6697d2a-8914-40ee-ba0e-2cbb707c5bc6,Love the services!,5,0,2.21011.24621,1/9/21 13:31,,,K Health ,ai.kanghealth,3,2021,,Telehealth,ethicality,0.8712536692619324
0d1b0bc5-dcec-448c-83f4-f779070f0e32,"Gives me important info about my appointments and medical help, just started using this app but find it easy to use. Wish all medical apps were linked as I have to use 4 apps to see all my details.",5,0,10.7.2,12/22/23 4:05,Thank you for your review! We are glad to hear MyChart is working well for you.,12/22/23 15:07,MyChart,epic.mychart.android,39,2023,,Patient Portal,data control,0.4225153625011444
851dfabd-9a8c-4478-b03a-ebe5f4b11eae,"Terrible app. The visit never starts after 30 minutes of waiting. And I cannot cancel the visit to request a new one because of an app error. You would think their support options would include support for an issue like this. But it doesn't. Overall, it's just a scam app designed to fleece people that don't feel well.",1,8,5.4.2,7/20/22 14:33,,,MDLive,com.mdlive.mobile,58,2022,,Telehealth,reliability,0.6911720633506775
baaca8c7-e5ff-4997-81fb-227864c45129,"Easy to use, great reception, smooth picture.",5,0,2.1.2,4/11/20 9:49,,,Telehealth by SimplePractice,com.simplepractice.video,7,2020,,Telehealth,competence,0.8527588844299316
6efd9b72-8322-48ca-9110-8624c88938d0,The worst experience an app could give. People use such apps for convenience and this app is so laid out. My reports of RTPCR was ready and still these guys couldn't provide the reports to me. Even after multiple follow ups their chat support couldn't help. They have a customer care number that doesn't work. Its just gets cut. Never going to use this app again.,1,8,5.38.4,5/13/22 6:23,"Hi, we really regret the inconveniences caused. Kindly share your details at prac.to/contactus so that we can get in touch with you and address your concern. Thanks",5/16/22 7:12,Practo,com.practo.fabric,66,2022,,Telehealth,support,0.8120582699775696
5a05e8f4-519f-4327-8588-e7b1e806e3df,Complete garbage!!!!,1,0,10.7.2,12/26/23 11:38,"Please reach out to us at MyChartSupport@epic.com and include any relevant details if you are having an issue with the app, so we can help you out.",12/28/23 12:30,MyChart,epic.mychart.android,2,2023,,Patient Portal,ethicality,0.8814396262168884
efb4bd90-5e4b-4768-a886-d50d1189206a,Luv it,5,0,23.2,5/12/23 14:38,,,FollowMyHealth,com.jardogs.fmhmobile,2,2023,,Patient Portal,risk,0.9791043996810912
8b4459f1-5c00-4518-be48-6773d6696fbc,"Fairly straightforward, selecting an appointment time was a bit confusing, I selected a time period for later the same day, but was informed it would be that time tomorrow at confirmation, but on final review after confirming the appointment was scheduled the same day.",4,0,3.24.1,3/17/20 18:39,,,Teladoc Health,com.teladoc.members,44,2020,,Telehealth,support,0.9844940304756165
2a413d67-ac78-4980-81a5-117dbe1b72bf,shouldn't be aloud,1,0,2.55.0,4/30/24 19:30,,,United Healthcare,com.mobile.uhc,3,2024,,Patient Portal,ethicality,0.8007457256317139
db5e38dc-8a43-4cb6-8562-9c2c1ffd84ee,Very easy to use,5,0,6.3.3,6/2/22 8:25,,,CenterWell Pharmacy,com.humana.pharmacy,4,2022,,Patient Portal,competence,0.646402895450592
1cda7ed3-1133-4f0c-8af7-c330b67d6865,"Extremely easy way to obtain your own medical records, schedule appointments, message your provider, etc etc. There are a whole slew of great features. Responses back from your provider seem quicker too. No wait time to schedule either bc you just schedule yourself on the app, instead of waiting on the phone to speak to the front desk, whom are busy with patients in front of then.",5,12,5.5.1,1/3/20 13:05,,,healow,com.ecw.healow,67,2020,,Patient Portal,data control,0.7401372194290161
d36efd2d-2585-43ff-acb8-3c5da937af25,Nice,3,0,4.69.1,8/27/20 8:52,,,Practo,com.practo.fabric,1,2020,,Telehealth,competence,0.658010721206665
b9c6ab6d-0192-4311-989e-63036da86476,Easy and fast.,5,0,5.1,4/16/23 8:03,,,Teladoc Health,com.teladoc.members,3,2023,,Telehealth,competence,0.6020599603652954
91c8e95d-4b79-4b6c-92ae-308699c4fef8,required an update before I could open then begin the cycle of life the little circle that goes around and around and around I hit update it goes back to the app Hit update again it goes back to the app I have to agree basically seems pretty pointless I'll just stick to my chart,1,2,9.1.0,4/23/24 19:46,,,Providence,providence.nassau.mobile.providencehealth,55,2024,,Patient Portal,reliability,0.9401487708091736
290f5355-79eb-4a8b-898d-f67d72a48d51,Prices are too high. Cannot read price without opening each item. Do not like the keyboard separation at all.,2,0,6.3.2,4/9/22 21:58,,,CenterWell Pharmacy,com.humana.pharmacy,19,2022,,Patient Portal,ethicality,0.7941634058952332
4d0d0a92-175d-42f4-8e12-18e21aadb7b1,"Only after enabling notifications, I'm am able to use the app, otherwise it closes automatically which is super annoying.",2,3,5.77.8,6/9/23 21:17,"Hi, apologies for the inconvenience. Please share your details at prac.to/contactus so that we can get in touch with you and address your concern. Thanks.",6/10/23 1:35,Practo,com.practo.fabric,19,2023,,Telehealth,reliability,0.9978519678115844
e7c92a1f-9e1e-43cd-8280-318d1990d021,It is very easy to use.,5,0,23.4,1/27/24 11:33,,,FollowMyHealth,com.jardogs.fmhmobile,6,2024,,Patient Portal,competence,0.7409206628799438
64cc22f2-e6c6-4295-b2f4-8b3bf92dc964,Do you have develop also about law?,5,0,4.4.1,4/15/13 23:56,,,HealthTap,com.healthtap.userhtexpress,7,2013,,Telehealth,risk,0.9656406044960022
8d0290c8-0ce7-48a9-8e35-17ecbb87795f,Cannot use the same email that you gave your doctor as it will say user name already taken. App does not recognize you are the same user.,1,0,,5/9/19 19:26,"We apologize for the difficulties you experienced while registering. At times, multiple family members, spouse, siblings use the same email. Therefore, keeping the app to recognize one email for one user may create confusion. If you need additional help, kindly contact your medical organization to speak to technical support team. Thank you.",5/24/19 16:29,FollowMyHealth,com.jardogs.fmhmobile,27,2019,,Patient Portal,ethicality,0.8439027070999146
855556f4-cea3-4c59-baa4-ffb21c153751,They are so polite .from helping you to get ur appointment done setting up your account to resetting my password I call them and it's never once been a bad exy the app works wonderful I have gotten my medicine with no issues an not having to go to the hospital with covid patients for a simple sinus infection is also a plus I highly recommend them to anyone !!!!,5,0,4.7,11/9/21 18:27,,,Teladoc Health,com.teladoc.members,70,2021,,Telehealth,reliability,0.8555759191513062
af60af4c-953c-4d3f-bea2-94f622392b4d,Giving and viewing Feedbacks is not friendly and not reliable. Feedback to hospital not able to give.,1,2,2.1.1,12/5/15 13:49,,,Practo,com.practo.fabric,17,2015,,Telehealth,data control,0.7505587339401245
f65e3606-b3e8-43c3-a648-f02623faef04,Doesn't allow us to post our negative experience with doctors. I had a negative experience with a doctor and I tried posting it in line with practo's terms and policies. They are not even allowing to share your personal experience. How can we ensure more accountablity if they don't allow to post it.,1,0,5.73.2,4/28/23 11:16,,,Practo,com.practo.fabric,53,2023,,Telehealth,data control,0.9908637404441832
f74e95fe-d0ac-4551-b74d-e95930610e2c,Love this App. Everything is in order for the hospital and doctors,5,1,9.4.5,10/19/20 9:50,,,MyChart,epic.mychart.android,12,2020,,Patient Portal,data quality,0.7877041697502136
b024b690-34ff-49f9-a967-995d506123d2,Need to add fingerprint access to account,3,0,10.2.3,8/10/22 11:10,"Thank you for the review. If your device supports fingerprint or facial recognition functionality, then you should be able to enable this from within the MyChart app's Account Settings Page. If you have any further questions, please email us at MyChartSupport@epic.com.",8/11/22 8:54,MyChart,epic.mychart.android,7,2022,,Patient Portal,risk,0.9037027359008788
74f4193c-b4bf-4ec1-85ce-aab0c79fd7b5,doesn't mark or ID PAC or PVC,3,0,5.33.1-5d4021ee03,10/20/23 22:31,"Hi Todd, Our Advanced Determinations are designed to detect both PACs and PVCs. If you believe that these are not being marked correctly, then please reach out to our Customer Care team for assistance. They can be reached at Support@AliveCor.com or 855-338-8800.",10/23/23 14:28,Kardia,com.alivecor.aliveecg,7,2023,,Patient Portal,risk,0.9985668063163756
4949022a-9187-4665-80db-e91c4081abbd,Fraud app. They dont refund the money,1,0,,9/1/19 19:18,"Hi, really sorry to hear this. Please send us your registered contact details to customerfirst@practo.com so that we can get in touch with you at the earliest. Thanks.",9/3/19 0:26,Practo,com.practo.fabric,7,2019,,Telehealth,risk,0.9903156161308287
88686273-6bd2-4fb9-b9b5-dc3899bf9603,This app becase truly impossible. Why the hell you are promoting video consultation again and again. Uninstalling for life.,1,1,5.59.5,11/30/22 8:40,,,Practo,com.practo.fabric,19,2022,,Telehealth,reliability,0.9951702952384948
d5b3228e-eb0d-49c6-8348-f736a01b578d,"appt. reminders and new prescriptions are repeated several times. you get the same reminders a couple or three times, and it makes you think you have a different message, then you open the app and it's the one you just read.",3,0,19.2,7/16/19 11:24,"Yes, it is understood that the notification are misleading. The notifications are generated from an office and once the data are loaded to the portal system another email is generated from the portal. We hope that the development team will look into this so reduce the numbers of notification.  We're sorry for the inconveniences.",7/16/19 14:08,FollowMyHealth,com.jardogs.fmhmobile,41,2019,,Patient Portal,competence,0.9444120526313782
5b29442f-ebee-451b-8149-0c84434c6cb8,"Love the app, but last couple of days I cannot log in. It just keeps buffering!",4,0,22.3.1,12/6/24 10:41,,,FollowMyHealth,com.jardogs.fmhmobile,16,2024,,Patient Portal,reliability,0.9980143308639526
150c71d0-8036-4c5d-87de-411c31068cd2,Very useful and response is very good,4,0,1.8.2,9/9/15 12:12,,,Practo,com.practo.fabric,7,2015,,Telehealth,support,0.7281153798103333
e3eee4c8-59cb-4883-82af-050b1a7fc88d,Comments are not present for every doctor which makes it hard to choose,3,2,4.1.1,3/3/17 3:01,,,Practo,com.practo.fabric,13,2017,,Telehealth,data quality,0.5590830445289612
d541a390-0de4-44f7-8a65-1f5999fe2c18,Very bad ...help support not working not able to contact with customers care very bad experience even I lost my 500 because doctor not available thats day and customer helping no not working so I am not able to contact with practo,1,0,5.55.2,10/9/22 11:46,"Hi, we are really sorry to hear this. Please share your details at prac.to/contactus so that we can get in touch with you and address your concern. Thanks.
",10/9/22 12:23,Practo,com.practo.fabric,42,2022,,Telehealth,support,0.9859423041343688
8eeb6d7b-d2b8-4e09-a103-81fee6cf48eb,Very decent procedure,5,0,3.9.7.2,10/6/16 1:07,,,Practo,com.practo.fabric,3,2016,,Telehealth,data control,0.4268120229244232
24f1807f-7ed6-4ab4-a24c-0c262d7d4780,ease of use,5,0,4.4.1,8/17/22 5:00,Thank you very much for your 5-star review!!!,8/22/22 9:39,Labcorp,com.labcorp.patientportal,3,2022,,Patient Portal,data control,0.3717164397239685
2a5fa66e-cc6b-4394-81e0-d41f2c5dcc58,very nice to finally get help thank you so much,5,0,4.4.0,5/8/19 5:53,,,CenterWell Pharmacy,com.humana.pharmacy,10,2019,,Patient Portal,support,0.9788140654563904
486ab3f9-6a3f-497c-aa09-96b971c70c58,I recommended this app,5,0,4.4.1,5/2/13 9:11,,,HealthTap,com.healthtap.userhtexpress,4,2013,,Telehealth,risk,0.3455981612205505
e1f3782e-ca06-423e-88e6-ccd84440b65c,Garbage app. They sent one verification email to me and it still won't accept my password and username.,1,0,3,12/15/21 10:54,,,MyQuest,com.myquest,18,2021,,Patient Portal,risk,0.8682767748832703
24ad4c79-6fff-48fc-8c58-0bc142292798,I love the app layout. Easy to navigate and get test results back from the doctor.,5,5,9.6.4,5/10/21 12:57,Thanks!,5/12/21 14:30,MyChart,epic.mychart.android,16,2021,,Patient Portal,data quality,0.5297671556472778
7443d7f4-3d5b-4cbb-a343-fead0205d86a,Amazing,5,0,,4/15/17 6:15,,,Practo,com.practo.fabric,1,2017,,Telehealth,data quality,0.4044394493103027
494699f4-a9d2-444c-af28-b8593fb9bb5d,"Simple to use, great video quality, safe and secure!",5,0,3.3.1,9/15/23 10:04,,,Telehealth by SimplePractice,com.simplepractice.video,9,2023,,Telehealth,risk,0.6829056143760681
42def7d2-67a1-4063-bba5-077353a8ef2a,Impossible to use. I just want my lab results. Thanks for pissing me off!!,1,1,5.3.0,1/28/18 9:07,,,healow,com.ecw.healow,14,2018,,Patient Portal,ethicality,0.604019284248352
0f21c94e-26e9-46fc-8ac6-5421df7d0244,still learning,3,0,5.5.1,7/22/19 11:56,,,healow,com.ecw.healow,2,2019,,Patient Portal,support,0.4559729397296905
be67eecd-5b7d-4139-932b-8bf211e2169e,No wait. Professional and didn't have to spread my virus!,5,0,11.2.0.025_05,4/2/19 16:14,,,LiveHealth Online Mobile,com.americanwell.android.member.wellpoint,10,2019,,Telehealth,risk,0.3999053537845611
a22f65c5-e39e-4ca8-96c6-041c170be003,Nosy app demands video and sound access for billing and other access. Video appointments should be a separate app or demand privileges only when needed.,1,0,6.9.1,4/6/22 10:53,,,healow,com.ecw.healow,25,2022,,Patient Portal,risk,0.961618185043335
e1a29ee0-7ba1-4623-b2ef-21ac9983c7a5,I love being able to read my full report. The app has tons of data viewing tools which allow progress of values.,5,0,3.6.1,4/24/19 14:00,,,FollowMyHealth,com.jardogs.fmhmobile,22,2019,,Patient Portal,data control,0.857226550579071
cfd88c69-6577-4bb7-8dcd-994bba86d0d6,another better,5,0,2.48.0,1/9/24 6:17,,,United Healthcare,com.mobile.uhc,2,2024,,Patient Portal,ethicality,0.5333904027938843
56b2e03b-f0ac-401f-8541-2050209b88ff,Great for keeping track of appts and contacting your doctors.,5,0,10.3.2,1/6/23 8:35,"Thank you for your review! We are glad to hear MyChart is working well for you.
",1/6/23 14:11,MyChart,epic.mychart.android,10,2023,,Patient Portal,data quality,0.8921728730201721
bf134114-3641-4f47-97b6-8a65a25eac8a,Sign on intermittently works.,2,1,6.0.1,2/25/20 17:17,,,healow,com.ecw.healow,4,2020,,Patient Portal,reliability,0.9974658489227296
bf2e23b1-2ce2-48c0-844e-47858bdbad4c,Love it! It's my Lifeline! I would be lost without it.,5,0,9.9.4,2/16/22 12:39,Thank you for your review!,2/16/22 8:57,MyChart,epic.mychart.android,11,2022,,Patient Portal,competence,0.8644517064094543
cc12baed-2e24-465c-991b-4978b3277e83,Great benefits. Excellent customer service.,5,1,2.28.0,3/30/23 17:55,,,United Healthcare,com.mobile.uhc,5,2023,,Patient Portal,support,0.9839380383491516
3e2765fd-4889-4368-9bc0-55a0ebcde15a,Very difficult to navigate and understand.,2,0,6.8.1,7/14/21 16:45,,,healow,com.ecw.healow,6,2021,,Patient Portal,support,0.7085965275764465
c9bdfb0a-6dc3-4fa6-aed6-7b2e6aba9715,Friendly app,5,0,23.3,10/13/23 8:35,,,FollowMyHealth,com.jardogs.fmhmobile,2,2023,,Patient Portal,competence,0.9916388392448424
4bd9e9c1-6d42-494c-bc46-f6b92749fa52,Perfect for the on-the-go lifestyle!,5,0,2.12,7/5/17 6:32,,,FollowMyHealth,com.jardogs.fmhmobile,5,2017,,Patient Portal,competence,0.8874114155769348
